student_id,name,age,gender,course,enrollment_date,final_grade,is_intern
S0001,Student_1,30,Female,data science,2023-03-22,97,
S0002,Student_2,33,Female,data science,2023-01-29,64,
S0003,Student_3,39,Female,data engineering,2023-12-24,97,
S0004,Student_4,18,Male,data engineering,2023-01-09,89,
S0005,Student_5,21,Female,cloud computing,2023-05-26,65,
S0006,Student_6,21,Female,data engineering,2023-08-29,74,
S0007,Student_7,25,Male,ai fundamentals,2023-08-25,64,
S0008,Student_8,27,Female,ai fundamentals,2023-08-09,60,
S0009,Student_9,37,Male,ai fundamentals,2023-06-03,54,
S0010,Student_10,39,Male,ai fundamentals,2023-12-17,70,
S0011,Student_11,36,Male,ai fundamentals,2023-05-04,91,
S0012,Student_12,22,Male,cloud computing,2023-04-12,90,
S0013,Student_13,41,Female,ai fundamentals,2023-07-07,61,
S0014,Student_14,24,Female,cloud computing,2023-03-01,79,
S0015,Student_15,42,Female,data science,2023-07-06,53,
S0016,Student_16,42,Female,data science,2023-10-02,94,
S0017,Student_17,30,Female,data engineering,2023-01-13,76,
S0018,Student_18,44,Male,ai fundamentals,2023-10-11,77,
S0019,Student_19,19,Female,data science,2023-01-11,52,
S0020,Student_20,24,Male,cloud computing,2023-09-30,52,
S0021,Student_21,25,Female,cloud computing,2023-10-11,73,
S0022,Student_22,41,Female,cloud computing,2023-05-05,95,
S0023,Student_23,32,Female,data engineering,2023-09-20,78,
S0024,Student_24,42,Female,cloud computing,2023-01-01,68,
S0025,Student_25,35,Female,data engineering,2023-01-08,97,
S0026,Student_26,23,Male,cloud computing,2023-06-03,51,
S0027,Student_27,43,Male,data engineering,2023-03-09,54,
S0028,Student_28,31,Female,data engineering,2023-11-12,86,
S0029,Student_29,26,Female,data science,2023-09-06,67,
S0030,Student_30,27,Male,data science,2023-08-02,74,
S0031,Student_31,38,Male,cloud computing,2023-04-24,75,
S0032,Student_32,37,Female,data science,2023-09-04,93,
S0033,Student_33,34,Female,data engineering,2023-07-20,62,
S0034,Student_34,37,Female,data engineering,2023-04-22,84,
S0035,Student_35,23,Female,ai fundamentals,2023-06-16,71,
S0036,Student_36,33,Male,ai fundamentals,2023-06-14,100,
S0037,Student_37,33,Male,data engineering,2023-03-10,59,
S0038,Student_38,18,Male,data science,2023-04-02,86,
S0039,Student_39,36,Male,data engineering,2023-09-27,93,
S0040,Student_40,21,Male,cloud computing,2023-05-22,91,
S0041,Student_41,42,Male,ai fundamentals,2023-11-25,56,
S0042,Student_42,35,Female,ai fundamentals,2023-05-15,67,
S0043,Student_43,37,Female,data science,2023-12-17,81,
S0044,Student_44,37,Male,data engineering,2023-05-21,100,
S0045,Student_45,37,Male,ai fundamentals,2023-04-09,97,
S0046,Student_46,32,Male,data science,2023-08-21,94,
S0047,Student_47,25,Male,ai fundamentals,2023-01-17,56,
S0048,Student_48,18,Female,data science,2023-09-19,100,
S0049,Student_49,19,Female,ai fundamentals,2023-02-10,66,
S0050,Student_50,27,Male,cloud computing,2023-07-01,80,
S0051,Student_51,43,Male,ai fundamentals,2023-10-06,78,
S0052,Student_52,18,Female,data engineering,2023-12-24,61,
S0053,Student_53,28,Male,data science,2023-01-24,82,
S0054,Student_54,38,Female,data science,2023-09-09,88,
S0055,Student_55,41,Female,ai fundamentals,2023-08-24,75,
S0056,Student_56,21,Male,data engineering,2023-07-07,88,
S0057,Student_57,29,Male,ai fundamentals,2023-02-04,79,
S0058,Student_58,36,Female,ai fundamentals,2023-12-11,52,
S0059,Student_59,41,Female,ai fundamentals,2023-03-18,69,
S0060,Student_60,20,Male,cloud computing,2023-01-18,62,
S0061,Student_61,18,Female,data science,2023-04-06,68,
S0062,Student_62,18,Male,data engineering,2023-02-18,50,
S0063,Student_63,22,Male,cloud computing,2023-10-21,91,
S0064,Student_64,39,Female,cloud computing,2023-01-01,72,
S0065,Student_65,23,Female,ai fundamentals,2023-04-24,67,
S0066,Student_66,24,Male,ai fundamentals,2023-12-31,92,
S0067,Student_67,26,Male,ai fundamentals,2023-01-05,54,
S0068,Student_68,38,Female,data science,2023-04-06,54,
S0069,Student_69,35,Male,ai fundamentals,2023-05-08,68,
S0070,Student_70,33,Male,cloud computing,2023-01-11,55,
S0071,Student_71,22,Male,data science,2023-10-13,64,
S0072,Student_72,27,Female,cloud computing,2023-12-20,60,
S0073,Student_73,28,Female,data science,2023-12-28,100,
S0074,Student_74,44,Female,data science,2023-08-29,79,
S0075,Student_75,42,Male,data science,2023-01-14,69,
S0076,Student_76,19,Female,cloud computing,2023-10-03,84,
S0077,Student_77,19,Female,data science,2023-02-11,53,
S0078,Student_78,25,Male,cloud computing,2023-07-24,58,
S0079,Student_79,27,Male,data engineering,2023-02-21,76,
S0080,Student_80,43,Female,cloud computing,2023-04-18,68,
S0081,Student_81,21,Female,cloud computing,2023-05-25,54,
S0082,Student_82,24,Female,data science,2023-08-31,57,
S0083,Student_83,41,Female,data science,2023-01-15,92,
S0084,Student_84,29,Male,ai fundamentals,2023-06-14,79,
S0085,Student_85,32,Female,data engineering,2023-04-25,85,
S0086,Student_86,36,Female,data engineering,2023-05-13,65,
S0087,Student_87,18,Male,ai fundamentals,2023-10-31,96,
S0088,Student_88,32,Male,cloud computing,2023-11-02,95,
S0089,Student_89,21,Female,cloud computing,2023-09-12,53,
S0090,Student_90,39,Female,data science,2023-10-28,53,
S0091,Student_91,30,Female,data engineering,2023-03-11,56,
S0092,Student_92,43,Female,data science,2023-12-27,52,
S0093,Student_93,28,Female,ai fundamentals,2023-09-30,87,
S0094,Student_94,38,Male,data engineering,2023-09-30,74,
S0095,Student_95,29,Male,data science,2023-09-24,85,
S0096,Student_96,22,Female,data engineering,2023-01-06,53,
S0097,Student_97,24,Male,data engineering,2023-03-09,57,
S0098,Student_98,22,Female,data science,2023-06-16,77,
S0099,Student_99,33,Male,data science,2023-10-02,100,
S0100,Student_100,38,Female,data engineering,2023-04-05,52,
S0101,Student_101,21,Female,ai fundamentals,2023-10-15,98,
S0102,Student_102,30,Male,cloud computing,2023-02-17,57,
S0103,Student_103,22,Female,data engineering,2023-10-05,60,
S0104,Student_104,38,Female,ai fundamentals,2023-02-25,95,
S0105,Student_105,26,Female,data engineering,2023-11-27,98,
S0106,Student_106,32,Female,data science,2023-04-19,55,
S0107,Student_107,33,Female,ai fundamentals,2023-02-01,90,
S0108,Student_108,38,Female,ai fundamentals,2023-03-25,72,
S0109,Student_109,21,Male,data engineering,2023-03-08,93,
S0110,Student_110,44,Male,cloud computing,2023-05-28,51,
S0111,Student_111,41,Female,data engineering,2023-06-09,56,
S0112,Student_112,33,Female,cloud computing,2023-10-03,78,
S0113,Student_113,31,Male,ai fundamentals,2023-10-23,55,
S0114,Student_114,39,Male,cloud computing,2023-03-03,90,
S0115,Student_115,39,Male,data science,2023-04-08,60,
S0116,Student_116,34,Male,cloud computing,2023-09-02,57,
S0117,Student_117,35,Female,cloud computing,2023-08-25,79,
S0118,Student_118,23,Female,ai fundamentals,2023-08-11,86,
S0119,Student_119,27,Male,cloud computing,2023-05-03,68,
S0120,Student_120,21,Male,ai fundamentals,2023-07-10,97,
S0121,Student_121,18,Male,data science,2023-07-24,52,
S0122,Student_122,23,Male,data science,2023-03-22,91,
S0123,Student_123,18,Female,data engineering,2023-05-15,79,
S0124,Student_124,35,Male,data engineering,2023-10-29,82,
S0125,Student_125,36,Male,data engineering,2023-06-08,99,
S0126,Student_126,22,Male,data science,2023-03-18,75,
S0127,Student_127,20,Female,cloud computing,2023-07-01,86,
S0128,Student_128,34,Female,ai fundamentals,2023-04-01,69,
S0129,Student_129,21,Female,data science,2023-05-15,82,
S0130,Student_130,20,Male,cloud computing,2023-05-01,77,
S0131,Student_131,28,Female,data engineering,2023-05-11,76,
S0132,Student_132,31,Female,ai fundamentals,2023-06-04,78,
S0133,Student_133,34,Male,data engineering,2023-08-27,95,
S0134,Student_134,25,Female,ai fundamentals,2023-10-09,73,
S0135,Student_135,39,Male,cloud computing,2023-01-14,68,
S0136,Student_136,27,Female,data science,2023-08-08,55,
S0137,Student_137,18,Female,data engineering,2023-03-04,51,
S0138,Student_138,28,Male,data science,2023-02-27,71,
S0139,Student_139,36,Male,cloud computing,2023-10-21,84,
S0140,Student_140,29,Female,cloud computing,2023-04-18,51,
S0141,Student_141,44,Female,cloud computing,2023-11-22,79,
S0142,Student_142,41,Male,data science,2023-11-02,95,
S0143,Student_143,20,Female,data science,2023-01-26,84,
S0144,Student_144,43,Male,ai fundamentals,2023-09-26,64,
S0145,Student_145,20,Male,data science,2023-02-22,92,
S0146,Student_146,21,Male,data science,2023-11-23,80,
S0147,Student_147,21,Female,cloud computing,2023-09-11,59,
S0148,Student_148,36,Female,ai fundamentals,2023-03-15,77,
S0149,Student_149,32,Female,data science,2023-03-14,57,
S0150,Student_150,21,Female,data science,2023-05-25,62,
S0151,Student_151,38,Female,cloud computing,2023-12-18,79,
S0152,Student_152,35,Male,data science,2023-12-17,86,
S0153,Student_153,36,Female,cloud computing,2023-09-12,88,
S0154,Student_154,32,Male,ai fundamentals,2023-08-18,78,
S0155,Student_155,27,Male,cloud computing,2023-10-22,99,
S0156,Student_156,44,Female,cloud computing,2023-06-26,71,
S0157,Student_157,19,Male,ai fundamentals,2023-07-08,73,
S0158,Student_158,22,Female,data engineering,2023-01-07,87,
S0159,Student_159,28,Male,cloud computing,2023-04-30,70,
S0160,Student_160,40,Male,data science,2023-01-02,63,
S0161,Student_161,29,Male,cloud computing,2023-07-11,95,
S0162,Student_162,26,Female,ai fundamentals,2023-07-13,90,
S0163,Student_163,29,Female,data science,2023-05-06,100,
S0164,Student_164,20,Female,ai fundamentals,2023-10-05,91,
S0165,Student_165,37,Female,cloud computing,2023-10-30,51,
S0166,Student_166,34,Male,ai fundamentals,2023-09-14,58,
S0167,Student_167,18,Female,ai fundamentals,2023-08-03,89,
S0168,Student_168,40,Female,data engineering,2023-06-14,94,
S0169,Student_169,18,Male,cloud computing,2023-06-04,59,
S0170,Student_170,24,Male,cloud computing,2023-05-29,99,
S0171,Student_171,37,Female,cloud computing,2023-12-07,67,
S0172,Student_172,32,Male,cloud computing,2023-08-20,99,
S0173,Student_173,28,Female,data science,2023-02-04,75,
S0174,Student_174,37,Male,ai fundamentals,2023-08-30,73,
S0175,Student_175,42,Female,cloud computing,2023-03-03,90,
S0176,Student_176,26,Male,data science,2023-06-05,60,
S0177,Student_177,31,Female,cloud computing,2023-08-17,76,
S0178,Student_178,42,Male,ai fundamentals,2023-03-15,63,
S0179,Student_179,20,Female,cloud computing,2023-11-25,81,
S0180,Student_180,21,Female,data science,2023-02-22,71,
S0181,Student_181,20,Female,data science,2023-03-26,83,
S0182,Student_182,29,Female,ai fundamentals,2023-11-15,95,
S0183,Student_183,31,Female,cloud computing,2023-02-18,51,
S0184,Student_184,34,Female,data science,2023-10-27,82,
S0185,Student_185,26,Male,data engineering,2023-05-22,93,
S0186,Student_186,26,Female,cloud computing,2023-09-23,56,
S0187,Student_187,37,Male,data engineering,2023-06-05,84,
S0188,Student_188,26,Female,data science,2023-04-01,80,
S0189,Student_189,44,Male,data science,2023-02-04,96,
S0190,Student_190,20,Female,ai fundamentals,2023-11-23,76,
S0191,Student_191,42,Male,ai fundamentals,2023-02-07,88,
S0192,Student_192,38,Female,cloud computing,2023-01-07,86,
S0193,Student_193,21,Male,data science,2023-11-11,67,
S0194,Student_194,30,Female,data science,2023-03-27,98,
S0195,Student_195,32,Male,data science,2023-01-04,62,
S0196,Student_196,18,Male,data science,2023-03-17,97,
S0197,Student_197,22,Male,data engineering,2023-08-23,89,
S0198,Student_198,21,Female,data science,2023-09-25,98,
S0199,Student_199,31,Male,ai fundamentals,2023-03-20,98,
S0200,Student_200,29,Female,cloud computing,2023-07-31,75,
S0201,Student_201,40,Female,cloud computing,2023-10-10,50,
S0202,Student_202,31,Female,cloud computing,2023-12-30,88,
S0203,Student_203,43,Female,data engineering,2023-09-13,80,
S0204,Student_204,31,Male,data science,2023-03-22,91,
S0205,Student_205,29,Female,cloud computing,2023-06-13,97,
S0206,Student_206,42,Male,ai fundamentals,2023-02-22,86,
S0207,Student_207,34,Female,data engineering,2023-03-22,88,
S0208,Student_208,42,Male,data science,2023-07-08,78,
S0209,Student_209,39,Female,data science,2023-04-10,92,
S0210,Student_210,32,Female,data science,2023-05-08,73,
S0211,Student_211,43,Male,data science,2023-06-04,65,
S0212,Student_212,34,Female,data engineering,2023-02-21,88,
S0213,Student_213,43,Female,ai fundamentals,2023-12-02,88,
S0214,Student_214,40,Female,data science,2023-10-11,72,
S0215,Student_215,39,Female,data engineering,2023-05-13,98,
S0216,Student_216,37,Female,data engineering,2023-12-25,57,
S0217,Student_217,19,Female,ai fundamentals,2023-08-02,87,
S0218,Student_218,26,Female,data engineering,2023-04-14,100,
S0219,Student_219,18,Female,data engineering,2023-08-30,52,
S0220,Student_220,22,Male,cloud computing,2023-10-07,63,
S0221,Student_221,43,Female,cloud computing,2023-12-30,70,
S0222,Student_222,24,Male,ai fundamentals,2023-04-18,96,
S0223,Student_223,39,Female,cloud computing,2023-01-23,79,
S0224,Student_224,31,Male,data engineering,2023-12-15,82,
S0225,Student_225,25,Male,data engineering,2023-02-13,69,
S0226,Student_226,42,Male,ai fundamentals,2023-01-07,94,
S0227,Student_227,42,Female,data engineering,2023-07-25,94,
S0228,Student_228,33,Female,ai fundamentals,2023-05-26,72,
S0229,Student_229,27,Male,cloud computing,2023-05-06,72,
S0230,Student_230,36,Female,cloud computing,2023-10-02,94,
S0231,Student_231,26,Female,data science,2023-08-29,87,
S0232,Student_232,40,Male,cloud computing,2023-05-11,84,
S0233,Student_233,33,Female,data science,2023-01-28,88,
S0234,Student_234,29,Male,data science,2023-08-24,71,
S0235,Student_235,24,Male,data science,2023-07-27,78,
S0236,Student_236,33,Female,data engineering,2023-02-21,98,
S0237,Student_237,43,Male,data science,2023-08-04,84,
S0238,Student_238,19,Female,cloud computing,2023-11-16,51,
S0239,Student_239,40,Female,ai fundamentals,2023-06-08,95,
S0240,Student_240,30,Female,cloud computing,2023-01-14,96,
S0241,Student_241,42,Female,ai fundamentals,2023-12-15,67,
S0242,Student_242,42,Male,cloud computing,2023-08-31,84,
S0243,Student_243,21,Female,ai fundamentals,2023-06-24,93,
S0244,Student_244,36,Female,cloud computing,2023-06-23,63,
S0245,Student_245,33,Female,ai fundamentals,2023-04-08,67,
S0246,Student_246,21,Male,data science,2023-09-18,81,
S0247,Student_247,28,Male,ai fundamentals,2023-05-19,71,
S0248,Student_248,30,Female,data science,2023-03-05,84,
S0249,Student_249,24,Female,cloud computing,2023-10-02,95,
S0250,Student_250,21,Female,ai fundamentals,2023-07-20,51,
S0251,Student_251,40,Female,ai fundamentals,2023-04-30,55,
S0252,Student_252,23,Female,cloud computing,2023-11-11,97,
S0253,Student_253,41,Male,data science,2023-07-21,100,
S0254,Student_254,29,Female,data science,2023-08-27,88,
S0255,Student_255,18,Male,data engineering,2023-01-13,81,
S0256,Student_256,29,Male,data engineering,2023-06-07,78,
S0257,Student_257,26,Female,data engineering,2023-03-20,88,
S0258,Student_258,38,Male,ai fundamentals,2023-12-27,100,
S0259,Student_259,28,Female,ai fundamentals,2023-03-19,98,
S0260,Student_260,40,Male,ai fundamentals,2023-05-18,54,
S0261,Student_261,29,Male,cloud computing,2023-07-08,87,
S0262,Student_262,23,Female,data engineering,2023-03-18,57,
S0263,Student_263,33,Male,cloud computing,2023-08-18,53,
S0264,Student_264,26,Female,data engineering,2023-06-07,71,
S0265,Student_265,20,Female,data engineering,2023-04-20,71,
S0266,Student_266,37,Female,ai fundamentals,2023-03-17,76,
S0267,Student_267,43,Female,data science,2023-11-12,52,
S0268,Student_268,41,Female,data engineering,2023-05-24,78,
S0269,Student_269,39,Female,data science,2023-06-10,97,
S0270,Student_270,37,Male,cloud computing,2023-09-12,82,
S0271,Student_271,32,Male,ai fundamentals,2023-07-28,87,
S0272,Student_272,38,Female,data engineering,2023-04-19,83,
S0273,Student_273,39,Male,ai fundamentals,2023-04-25,85,
S0274,Student_274,21,Male,cloud computing,2023-01-12,82,
S0275,Student_275,21,Female,data science,2023-09-29,89,
S0276,Student_276,25,Male,ai fundamentals,2023-10-09,67,
S0277,Student_277,27,Female,ai fundamentals,2023-10-05,59,
S0278,Student_278,27,Female,data engineering,2023-05-31,85,
S0279,Student_279,27,Male,data science,2023-09-08,94,
S0280,Student_280,41,Female,cloud computing,2023-12-14,72,
S0281,Student_281,21,Female,data engineering,2023-04-19,55,
S0282,Student_282,32,Female,ai fundamentals,2023-12-14,72,
S0283,Student_283,44,Female,ai fundamentals,2023-08-20,59,
S0284,Student_284,36,Male,data science,2023-04-18,51,
S0285,Student_285,30,Female,cloud computing,2023-04-14,93,
S0286,Student_286,21,Male,cloud computing,2023-04-10,55,
S0287,Student_287,27,Female,ai fundamentals,2023-09-02,92,
S0288,Student_288,28,Male,cloud computing,2023-09-04,54,
S0289,Student_289,31,Male,data engineering,2023-11-05,57,
S0290,Student_290,25,Female,data science,2023-10-27,69,
S0291,Student_291,25,Male,ai fundamentals,2023-12-04,100,
S0292,Student_292,39,Female,cloud computing,2023-03-06,88,
S0293,Student_293,19,Female,cloud computing,2023-10-10,63,
S0294,Student_294,30,Male,data engineering,2023-05-16,61,
S0295,Student_295,20,Male,cloud computing,2023-12-05,73,
S0296,Student_296,20,Male,data engineering,2023-11-28,88,
S0297,Student_297,42,Male,data science,2023-11-10,61,
S0298,Student_298,19,Female,ai fundamentals,2023-07-06,90,
S0299,Student_299,23,Male,data engineering,2023-09-27,81,
S0300,Student_300,26,Female,cloud computing,2023-08-21,53,
S0301,Student_301,22,Male,cloud computing,2023-10-02,52,
S0302,Student_302,18,Male,data science,2023-05-26,57,
S0303,Student_303,29,Female,data engineering,2023-06-20,52,
S0304,Student_304,20,Male,ai fundamentals,2023-10-28,75,
S0305,Student_305,23,Female,cloud computing,2023-08-15,96,
S0306,Student_306,39,Male,data engineering,2023-07-23,55,
S0307,Student_307,34,Male,cloud computing,2023-12-10,66,
S0308,Student_308,26,Female,ai fundamentals,2023-11-23,100,
S0309,Student_309,19,Female,data engineering,2023-07-26,58,
S0310,Student_310,35,Female,cloud computing,2023-02-16,67,
S0311,Student_311,34,Female,ai fundamentals,2023-02-24,100,
S0312,Student_312,21,Female,data engineering,2023-06-28,78,
S0313,Student_313,42,Female,data engineering,2023-02-13,64,
S0314,Student_314,26,Female,data science,2023-03-07,56,
S0315,Student_315,38,Male,ai fundamentals,2023-12-24,63,
S0316,Student_316,22,Female,data engineering,2023-09-20,78,
S0317,Student_317,34,Male,data science,2023-05-02,53,
S0318,Student_318,43,Male,data engineering,2023-06-25,94,
S0319,Student_319,21,Female,cloud computing,2023-06-22,88,
S0320,Student_320,25,Male,data science,2023-09-23,97,
S0321,Student_321,21,Male,data engineering,2023-01-04,54,
S0322,Student_322,36,Female,cloud computing,2023-05-04,50,
S0323,Student_323,35,Male,cloud computing,2023-09-02,61,
S0324,Student_324,19,Female,cloud computing,2023-02-04,88,
S0325,Student_325,36,Male,data science,2023-01-02,56,
S0326,Student_326,35,Male,cloud computing,2023-10-22,70,
S0327,Student_327,38,Female,ai fundamentals,2023-07-26,56,
S0328,Student_328,20,Male,data engineering,2023-12-17,66,
S0329,Student_329,23,Male,ai fundamentals,2023-05-22,50,
S0330,Student_330,23,Female,cloud computing,2023-12-09,53,
S0331,Student_331,30,Female,cloud computing,2023-02-16,55,
S0332,Student_332,30,Male,ai fundamentals,2023-12-10,97,
S0333,Student_333,39,Male,data science,2023-10-21,89,
S0334,Student_334,20,Female,cloud computing,2023-12-16,66,
S0335,Student_335,33,Male,cloud computing,2023-08-26,75,
S0336,Student_336,39,Female,ai fundamentals,2023-08-23,80,
S0337,Student_337,25,Female,cloud computing,2023-12-13,77,
S0338,Student_338,25,Male,cloud computing,2023-03-24,61,
S0339,Student_339,29,Female,data science,2023-01-07,90,
S0340,Student_340,40,Female,data science,2023-03-16,50,
S0341,Student_341,35,Male,data science,2023-01-02,83,
S0342,Student_342,24,Female,data science,2023-06-26,75,
S0343,Student_343,25,Male,data science,2023-12-02,64,
S0344,Student_344,36,Male,cloud computing,2023-10-03,98,
S0345,Student_345,29,Male,data engineering,2023-09-12,84,
S0346,Student_346,37,Female,cloud computing,2023-05-28,90,
S0347,Student_347,35,Male,cloud computing,2023-11-18,100,
S0348,Student_348,27,Male,data engineering,2023-08-17,100,
S0349,Student_349,32,Male,ai fundamentals,2023-09-23,93,
S0350,Student_350,39,Male,data engineering,2023-08-22,88,
S0351,Student_351,27,Female,data science,2023-01-14,69,
S0352,Student_352,43,Female,cloud computing,2023-11-23,92,
S0353,Student_353,36,Male,data science,2023-09-24,84,
S0354,Student_354,18,Female,data engineering,2023-05-02,88,
S0355,Student_355,27,Female,ai fundamentals,2023-10-27,71,
S0356,Student_356,29,Female,ai fundamentals,2023-04-12,70,
S0357,Student_357,35,Male,cloud computing,2023-06-18,76,
S0358,Student_358,27,Female,data engineering,2023-09-02,85,
S0359,Student_359,44,Female,data science,2023-09-29,77,
S0360,Student_360,18,Female,data science,2023-01-15,53,
S0361,Student_361,40,Female,ai fundamentals,2023-01-01,75,
S0362,Student_362,34,Female,cloud computing,2023-10-19,57,
S0363,Student_363,28,Male,data engineering,2023-04-08,54,
S0364,Student_364,22,Female,data science,2023-09-20,54,
S0365,Student_365,42,Female,ai fundamentals,2023-03-30,59,
S0366,Student_366,38,Male,cloud computing,2023-01-04,54,
S0367,Student_367,21,Male,ai fundamentals,2023-11-21,83,
S0368,Student_368,37,Male,cloud computing,2023-04-12,99,
S0369,Student_369,26,Male,data engineering,2023-12-18,60,
S0370,Student_370,42,Female,ai fundamentals,2023-04-25,73,
S0371,Student_371,32,Female,data science,2023-03-09,98,
S0372,Student_372,41,Female,cloud computing,2023-10-18,82,
S0373,Student_373,18,Female,ai fundamentals,2023-09-27,63,
S0374,Student_374,37,Female,cloud computing,2023-04-24,71,
S0375,Student_375,26,Male,ai fundamentals,2023-12-29,78,
S0376,Student_376,25,Female,ai fundamentals,2023-06-18,73,
S0377,Student_377,41,Male,data engineering,2023-10-22,98,
S0378,Student_378,31,Male,data science,2023-02-12,55,
S0379,Student_379,44,Male,ai fundamentals,2023-11-20,52,
S0380,Student_380,35,Female,data engineering,2023-10-11,50,
S0381,Student_381,42,Female,cloud computing,2023-05-24,59,
S0382,Student_382,38,Male,cloud computing,2023-08-31,57,
S0383,Student_383,41,Male,ai fundamentals,2023-08-23,79,
S0384,Student_384,18,Male,data science,2023-04-14,71,
S0385,Student_385,29,Male,cloud computing,2023-06-28,66,
S0386,Student_386,22,Male,ai fundamentals,2023-02-14,64,
S0387,Student_387,43,Male,cloud computing,2023-12-07,69,
S0388,Student_388,18,Female,data engineering,2023-02-22,87,
S0389,Student_389,28,Male,ai fundamentals,2023-07-23,76,
S0390,Student_390,32,Male,ai fundamentals,2023-06-22,62,
S0391,Student_391,40,Male,ai fundamentals,2023-03-23,65,
S0392,Student_392,38,Male,data engineering,2023-05-14,69,
S0393,Student_393,36,Male,ai fundamentals,2023-03-25,68,
S0394,Student_394,22,Female,ai fundamentals,2023-07-19,92,
S0395,Student_395,40,Male,data engineering,2023-09-13,52,
S0396,Student_396,21,Female,cloud computing,2023-11-21,66,
S0397,Student_397,44,Male,data engineering,2023-04-06,61,
S0398,Student_398,37,Male,data science,2023-12-16,85,
S0399,Student_399,25,Female,data engineering,2023-04-17,59,
S0400,Student_400,26,Male,cloud computing,2023-08-31,59,
S0401,Student_401,31,Female,ai fundamentals,2023-04-02,80,
S0402,Student_402,23,Female,ai fundamentals,2023-06-10,72,
S0403,Student_403,18,Female,data engineering,2023-07-30,92,
S0404,Student_404,26,Female,data science,2023-12-31,70,
S0405,Student_405,33,Female,data engineering,2023-05-18,91,
S0406,Student_406,33,Female,data science,2023-02-24,69,
S0407,Student_407,39,Male,data engineering,2023-01-26,54,
S0408,Student_408,29,Female,data science,2023-06-11,96,
S0409,Student_409,22,Male,data science,2023-01-18,65,
S0410,Student_410,25,Male,ai fundamentals,2023-01-17,83,
S0411,Student_411,31,Female,data science,2023-02-19,50,
S0412,Student_412,44,Female,ai fundamentals,2023-03-04,97,
S0413,Student_413,28,Female,data engineering,2023-11-24,65,
S0414,Student_414,38,Male,data engineering,2023-12-17,63,
S0415,Student_415,32,Female,data engineering,2023-03-28,59,
S0416,Student_416,35,Female,data engineering,2023-06-15,99,
S0417,Student_417,37,Male,data engineering,2023-09-23,92,
S0418,Student_418,21,Female,ai fundamentals,2023-05-21,60,
S0419,Student_419,27,Male,data engineering,2023-03-30,99,
S0420,Student_420,36,Female,data science,2023-07-04,89,
S0421,Student_421,39,Male,cloud computing,2023-03-20,84,
S0422,Student_422,20,Female,ai fundamentals,2023-02-15,89,
S0423,Student_423,37,Male,data science,2023-10-17,98,
S0424,Student_424,39,Female,cloud computing,2023-07-10,94,
S0425,Student_425,44,Female,cloud computing,2023-01-05,94,
S0426,Student_426,29,Male,ai fundamentals,2023-11-22,92,
S0427,Student_427,41,Female,data science,2023-05-06,51,
S0428,Student_428,36,Female,cloud computing,2023-03-18,58,
S0429,Student_429,31,Male,cloud computing,2023-06-19,50,
S0430,Student_430,41,Male,ai fundamentals,2023-09-14,61,
S0431,Student_431,19,Female,data engineering,2023-07-17,76,
S0432,Student_432,24,Male,cloud computing,2023-05-31,80,
S0433,Student_433,28,Female,ai fundamentals,2023-08-22,93,
S0434,Student_434,39,Female,ai fundamentals,2023-12-20,92,
S0435,Student_435,34,Male,data science,2023-06-27,69,
S0436,Student_436,34,Male,ai fundamentals,2023-04-26,71,
S0437,Student_437,44,Female,ai fundamentals,2023-11-18,97,
S0438,Student_438,21,Male,data engineering,2023-07-18,51,
S0439,Student_439,44,Female,cloud computing,2023-05-03,68,
S0440,Student_440,35,Male,data science,2023-01-17,78,
S0441,Student_441,28,Female,ai fundamentals,2023-07-19,61,
S0442,Student_442,27,Female,data science,2023-10-22,99,
S0443,Student_443,30,Female,cloud computing,2023-04-18,89,
S0444,Student_444,31,Female,ai fundamentals,2023-03-26,59,
S0445,Student_445,43,Female,ai fundamentals,2023-07-30,74,
S0446,Student_446,24,Female,data science,2023-04-26,54,
S0447,Student_447,24,Female,data engineering,2023-06-12,76,
S0448,Student_448,25,Male,cloud computing,2023-04-24,93,
S0449,Student_449,26,Male,cloud computing,2023-07-22,71,
S0450,Student_450,31,Male,cloud computing,2023-09-13,64,
S0451,Student_451,42,Female,ai fundamentals,2023-12-26,79,
S0452,Student_452,25,Male,ai fundamentals,2023-10-24,51,
S0453,Student_453,34,Male,ai fundamentals,2023-02-10,64,
S0454,Student_454,42,Male,data science,2023-04-05,50,
S0455,Student_455,40,Male,cloud computing,2023-06-14,65,
S0456,Student_456,42,Female,cloud computing,2023-04-09,83,
S0457,Student_457,33,Female,cloud computing,2023-03-01,82,
S0458,Student_458,43,Male,data engineering,2023-03-31,87,
S0459,Student_459,26,Female,ai fundamentals,2023-07-04,55,
S0460,Student_460,21,Female,cloud computing,2023-05-08,80,
S0461,Student_461,24,Female,cloud computing,2023-10-15,91,
S0462,Student_462,35,Female,ai fundamentals,2023-11-01,97,
S0463,Student_463,25,Female,ai fundamentals,2023-05-07,100,
S0464,Student_464,38,Male,cloud computing,2023-11-17,59,
S0465,Student_465,43,Female,data science,2023-02-07,57,
S0466,Student_466,20,Male,data science,2023-06-17,80,
S0467,Student_467,34,Female,data science,2023-01-13,71,
S0468,Student_468,42,Male,data science,2023-12-07,80,
S0469,Student_469,36,Male,data engineering,2023-11-29,91,
S0470,Student_470,31,Female,data science,2023-05-01,58,
S0471,Student_471,41,Male,cloud computing,2023-11-10,51,
S0472,Student_472,42,Female,cloud computing,2023-05-30,95,
S0473,Student_473,22,Male,cloud computing,2023-12-31,71,
S0474,Student_474,22,Male,data science,2023-01-13,58,
S0475,Student_475,30,Female,ai fundamentals,2023-05-26,95,
S0476,Student_476,35,Male,cloud computing,2023-04-22,99,
S0477,Student_477,41,Female,data science,2023-06-07,50,
S0478,Student_478,40,Male,data engineering,2023-10-21,77,
S0479,Student_479,43,Female,data engineering,2023-01-01,100,
S0480,Student_480,38,Male,cloud computing,2023-10-07,98,
S0481,Student_481,19,Male,ai fundamentals,2023-05-17,75,
S0482,Student_482,23,Female,data engineering,2023-02-23,79,
S0483,Student_483,43,Female,data science,2023-07-30,57,
S0484,Student_484,41,Male,data science,2023-12-03,76,
S0485,Student_485,19,Female,data engineering,2023-09-27,81,
S0486,Student_486,37,Male,cloud computing,2023-06-15,64,
S0487,Student_487,39,Male,cloud computing,2023-02-10,69,
S0488,Student_488,41,Male,data engineering,2023-06-04,58,
S0489,Student_489,37,Female,data science,2023-12-17,89,
S0490,Student_490,40,Female,ai fundamentals,2023-10-29,79,
S0491,Student_491,40,Female,data science,2023-12-03,73,
S0492,Student_492,25,Male,ai fundamentals,2023-11-11,63,
S0493,Student_493,27,Male,ai fundamentals,2023-06-01,90,
S0494,Student_494,35,Male,data engineering,2023-09-12,51,
S0495,Student_495,27,Female,cloud computing,2023-08-31,75,
S0496,Student_496,40,Male,ai fundamentals,2023-08-23,74,
S0497,Student_497,18,Female,data science,2023-09-03,80,
S0498,Student_498,37,Female,cloud computing,2023-01-19,91,
S0499,Student_499,42,Female,cloud computing,2023-12-11,66,
S0500,Student_500,22,Female,data science,2023-08-28,61,
S0501,Student_501,35,Female,data engineering,2023-11-17,89,
S0502,Student_502,38,Male,cloud computing,2023-06-25,57,
S0503,Student_503,39,Male,ai fundamentals,2023-12-20,88,
S0504,Student_504,34,Male,data science,2023-01-25,71,
S0505,Student_505,21,Male,ai fundamentals,2023-07-30,74,
S0506,Student_506,28,Female,data science,2023-10-24,87,
S0507,Student_507,19,Female,data science,2023-05-18,93,
S0508,Student_508,38,Female,cloud computing,2023-11-25,86,
S0509,Student_509,22,Male,data science,2023-07-19,82,
S0510,Student_510,22,Male,cloud computing,2023-10-25,59,
S0511,Student_511,34,Female,data science,2023-10-03,99,
S0512,Student_512,34,Male,cloud computing,2023-08-03,90,
S0513,Student_513,33,Male,cloud computing,2023-11-20,66,
S0514,Student_514,28,Male,data engineering,2023-05-08,85,
S0515,Student_515,31,Female,cloud computing,2023-04-30,53,
S0516,Student_516,26,Male,cloud computing,2023-11-19,89,
S0517,Student_517,29,Female,cloud computing,2023-08-04,87,
S0518,Student_518,38,Male,data engineering,2023-08-24,53,
S0519,Student_519,24,Female,ai fundamentals,2023-01-25,90,
S0520,Student_520,27,Male,ai fundamentals,2023-03-26,85,
S0521,Student_521,33,Male,data engineering,2023-06-13,51,
S0522,Student_522,21,Female,cloud computing,2023-02-02,53,
S0523,Student_523,37,Female,cloud computing,2023-10-18,61,
S0524,Student_524,30,Female,data science,2023-02-12,53,
S0525,Student_525,36,Male,ai fundamentals,2023-12-15,96,
S0526,Student_526,35,Female,cloud computing,2023-02-07,62,
S0527,Student_527,28,Male,cloud computing,2023-08-17,82,
S0528,Student_528,20,Female,ai fundamentals,2023-12-05,89,
S0529,Student_529,19,Male,cloud computing,2023-02-25,100,
S0530,Student_530,29,Male,data engineering,2023-12-29,50,
S0531,Student_531,21,Male,cloud computing,2023-02-05,97,
S0532,Student_532,30,Female,cloud computing,2023-12-22,73,
S0533,Student_533,22,Male,ai fundamentals,2023-03-07,57,
S0534,Student_534,44,Female,data engineering,2023-12-16,51,
S0535,Student_535,19,Male,data science,2023-05-29,84,
S0536,Student_536,35,Male,ai fundamentals,2023-08-18,63,
S0537,Student_537,18,Male,data science,2023-12-22,80,
S0538,Student_538,25,Male,data science,2023-10-30,71,
S0539,Student_539,42,Female,data engineering,2023-12-21,67,
S0540,Student_540,44,Male,data science,2023-04-02,73,
S0541,Student_541,22,Male,data engineering,2023-03-04,85,
S0542,Student_542,21,Female,cloud computing,2023-03-04,83,
S0543,Student_543,23,Male,data engineering,2023-09-09,56,
S0544,Student_544,24,Female,ai fundamentals,2023-03-20,74,
S0545,Student_545,21,Female,data science,2023-12-29,84,
S0546,Student_546,20,Male,data engineering,2023-06-08,90,
S0547,Student_547,43,Male,ai fundamentals,2023-12-14,88,
S0548,Student_548,26,Female,data engineering,2023-02-21,59,
S0549,Student_549,19,Female,data science,2023-01-05,74,
S0550,Student_550,22,Female,data science,2023-07-16,79,
S0551,Student_551,44,Female,ai fundamentals,2023-08-22,55,
S0552,Student_552,18,Female,ai fundamentals,2023-10-25,98,
S0553,Student_553,42,Female,ai fundamentals,2023-09-17,98,
S0554,Student_554,31,Female,ai fundamentals,2023-06-17,75,
S0555,Student_555,37,Female,ai fundamentals,2023-04-11,54,
S0556,Student_556,27,Male,data science,2023-05-22,96,
S0557,Student_557,39,Female,cloud computing,2023-10-28,88,
S0558,Student_558,23,Male,ai fundamentals,2023-09-14,50,
S0559,Student_559,19,Male,cloud computing,2023-11-27,64,
S0560,Student_560,25,Female,ai fundamentals,2023-08-10,59,
S0561,Student_561,26,Female,ai fundamentals,2023-12-01,86,
S0562,Student_562,40,Male,ai fundamentals,2023-05-09,97,
S0563,Student_563,38,Male,data science,2023-09-14,100,
S0564,Student_564,25,Female,cloud computing,2023-04-07,78,
S0565,Student_565,21,Female,data science,2023-09-25,65,
S0566,Student_566,39,Female,data engineering,2023-01-30,52,
S0567,Student_567,30,Female,ai fundamentals,2023-03-11,86,
S0568,Student_568,21,Male,ai fundamentals,2023-07-05,57,
S0569,Student_569,24,Male,cloud computing,2023-10-14,67,
S0570,Student_570,38,Male,data science,2023-10-02,81,
S0571,Student_571,25,Male,data science,2023-04-17,93,
S0572,Student_572,37,Male,data science,2023-01-17,91,
S0573,Student_573,18,Male,ai fundamentals,2023-12-04,65,
S0574,Student_574,23,Male,cloud computing,2023-07-23,78,
S0575,Student_575,29,Female,data engineering,2023-01-10,92,
S0576,Student_576,27,Female,data engineering,2023-08-07,81,
S0577,Student_577,37,Female,data science,2023-03-18,72,
S0578,Student_578,25,Female,cloud computing,2023-07-12,100,
S0579,Student_579,39,Male,data science,2023-08-20,73,
S0580,Student_580,23,Male,data science,2023-09-04,54,
S0581,Student_581,26,Female,data science,2023-11-30,50,
S0582,Student_582,29,Male,data engineering,2023-12-10,67,
S0583,Student_583,32,Male,data engineering,2023-05-02,56,
S0584,Student_584,18,Male,data science,2023-12-30,54,
S0585,Student_585,26,Male,cloud computing,2023-06-03,61,
S0586,Student_586,37,Female,data engineering,2023-04-22,82,
S0587,Student_587,24,Female,data science,2023-03-18,66,
S0588,Student_588,43,Female,data engineering,2023-01-25,52,
S0589,Student_589,28,Female,ai fundamentals,2023-09-19,60,
S0590,Student_590,37,Male,ai fundamentals,2023-02-04,89,
S0591,Student_591,20,Female,data engineering,2023-03-18,88,
S0592,Student_592,41,Male,data science,2023-07-07,89,
S0593,Student_593,18,Female,data engineering,2023-02-13,50,
S0594,Student_594,37,Male,cloud computing,2023-11-12,59,
S0595,Student_595,44,Female,data science,2023-10-05,61,
S0596,Student_596,32,Male,data science,2023-12-31,94,
S0597,Student_597,18,Male,data science,2023-01-13,67,
S0598,Student_598,37,Male,data science,2023-04-09,86,
S0599,Student_599,24,Male,cloud computing,2023-05-14,91,
S0600,Student_600,19,Male,data engineering,2023-10-04,97,
S0601,Student_601,30,Male,data engineering,2023-05-05,55,
S0602,Student_602,43,Male,ai fundamentals,2023-06-09,91,
S0603,Student_603,36,Male,data science,2023-12-21,98,
S0604,Student_604,31,Male,ai fundamentals,2023-10-07,88,
S0605,Student_605,27,Female,cloud computing,2023-01-20,86,
S0606,Student_606,22,Female,data engineering,2023-03-27,54,
S0607,Student_607,43,Female,data engineering,2023-10-31,99,
S0608,Student_608,35,Female,data science,2023-09-20,61,
S0609,Student_609,21,Female,data engineering,2023-03-10,89,
S0610,Student_610,20,Male,cloud computing,2023-07-21,79,
S0611,Student_611,38,Female,cloud computing,2023-01-25,93,
S0612,Student_612,31,Female,data science,2023-08-07,95,
S0613,Student_613,43,Male,ai fundamentals,2023-09-30,61,
S0614,Student_614,33,Female,data science,2023-08-15,92,
S0615,Student_615,41,Female,cloud computing,2023-05-31,82,
S0616,Student_616,22,Male,data engineering,2023-05-06,51,
S0617,Student_617,27,Female,data engineering,2023-01-29,94,
S0618,Student_618,22,Female,data engineering,2023-10-12,97,
S0619,Student_619,35,Male,cloud computing,2023-04-24,84,
S0620,Student_620,36,Male,ai fundamentals,2023-12-24,92,
S0621,Student_621,31,Male,data science,2023-03-31,92,
S0622,Student_622,31,Male,ai fundamentals,2023-05-14,94,
S0623,Student_623,41,Female,data engineering,2023-03-08,60,
S0624,Student_624,20,Female,data science,2023-07-23,92,
S0625,Student_625,21,Female,cloud computing,2023-03-19,90,
S0626,Student_626,27,Male,cloud computing,2023-07-04,96,
S0627,Student_627,44,Female,ai fundamentals,2023-09-19,89,
S0628,Student_628,41,Male,data science,2023-01-30,65,
S0629,Student_629,44,Female,data engineering,2023-04-02,95,
S0630,Student_630,40,Male,ai fundamentals,2023-11-14,76,
S0631,Student_631,40,Female,cloud computing,2023-06-04,91,
S0632,Student_632,30,Female,data science,2023-10-12,90,
S0633,Student_633,33,Male,data science,2023-04-08,94,
S0634,Student_634,20,Male,cloud computing,2023-04-16,98,
S0635,Student_635,44,Male,data engineering,2023-06-25,66,
S0636,Student_636,37,Female,data engineering,2023-04-20,93,
S0637,Student_637,24,Female,cloud computing,2023-09-18,78,
S0638,Student_638,32,Male,cloud computing,2023-09-25,50,
S0639,Student_639,34,Male,data engineering,2023-06-29,94,
S0640,Student_640,33,Male,ai fundamentals,2023-04-10,52,
S0641,Student_641,44,Male,ai fundamentals,2023-10-10,72,
S0642,Student_642,26,Female,data science,2023-01-16,74,
S0643,Student_643,18,Male,data science,2023-08-09,94,
S0644,Student_644,28,Male,ai fundamentals,2023-12-29,69,
S0645,Student_645,29,Female,data science,2023-03-12,80,
S0646,Student_646,31,Female,ai fundamentals,2023-09-06,63,
S0647,Student_647,25,Male,data science,2023-04-06,57,
S0648,Student_648,24,Female,ai fundamentals,2023-01-03,69,
S0649,Student_649,31,Male,data science,2023-10-01,85,
S0650,Student_650,39,Female,data science,2023-08-31,79,
S0651,Student_651,33,Female,ai fundamentals,2023-11-18,70,
S0652,Student_652,27,Male,data engineering,2023-06-10,58,
S0653,Student_653,24,Female,ai fundamentals,2023-08-14,60,
S0654,Student_654,39,Male,ai fundamentals,2023-03-10,91,
S0655,Student_655,29,Male,cloud computing,2023-12-17,84,
S0656,Student_656,36,Female,data engineering,2023-09-18,96,
S0657,Student_657,25,Female,data science,2023-12-02,61,
S0658,Student_658,19,Male,data engineering,2023-05-08,58,
S0659,Student_659,27,Female,data engineering,2023-10-05,71,
S0660,Student_660,20,Female,data engineering,2023-04-13,54,
S0661,Student_661,36,Female,cloud computing,2023-09-24,97,
S0662,Student_662,32,Male,cloud computing,2023-09-30,57,
S0663,Student_663,23,Female,data science,2023-01-03,71,
S0664,Student_664,40,Female,ai fundamentals,2023-10-30,72,
S0665,Student_665,22,Male,data engineering,2023-07-09,56,
S0666,Student_666,36,Female,data science,2023-06-24,69,
S0667,Student_667,32,Male,data science,2023-04-21,93,
S0668,Student_668,36,Male,cloud computing,2023-10-16,56,
S0669,Student_669,19,Male,ai fundamentals,2023-08-20,82,
S0670,Student_670,30,Male,ai fundamentals,2023-07-09,87,
S0671,Student_671,18,Female,cloud computing,2023-10-20,72,
S0672,Student_672,27,Male,data engineering,2023-12-12,91,
S0673,Student_673,34,Male,cloud computing,2023-09-22,71,
S0674,Student_674,20,Male,data science,2023-02-17,61,
S0675,Student_675,26,Female,cloud computing,2023-12-14,93,
S0676,Student_676,37,Male,ai fundamentals,2023-01-01,53,
S0677,Student_677,28,Male,data engineering,2023-06-13,82,
S0678,Student_678,34,Male,data science,2023-01-27,79,
S0679,Student_679,44,Male,data science,2023-07-10,71,
S0680,Student_680,42,Male,ai fundamentals,2023-05-31,67,
S0681,Student_681,42,Male,cloud computing,2023-06-09,55,
S0682,Student_682,19,Male,data science,2023-05-10,97,
S0683,Student_683,18,Male,cloud computing,2023-12-16,77,
S0684,Student_684,23,Male,data science,2023-09-17,51,
S0685,Student_685,42,Male,ai fundamentals,2023-09-17,83,
S0686,Student_686,20,Male,data science,2023-12-21,90,
S0687,Student_687,33,Male,data science,2023-04-27,93,
S0688,Student_688,21,Female,data engineering,2023-06-14,89,
S0689,Student_689,32,Female,data science,2023-01-21,93,
S0690,Student_690,23,Male,ai fundamentals,2023-08-22,87,
S0691,Student_691,29,Female,data science,2023-05-14,80,
S0692,Student_692,37,Female,ai fundamentals,2023-08-05,68,
S0693,Student_693,42,Female,cloud computing,2023-03-25,65,
S0694,Student_694,24,Male,ai fundamentals,2023-07-02,95,
S0695,Student_695,38,Female,cloud computing,2023-08-18,90,
S0696,Student_696,24,Female,data science,2023-09-17,79,
S0697,Student_697,37,Male,ai fundamentals,2023-12-06,54,
S0698,Student_698,24,Female,data engineering,2023-06-01,98,
S0699,Student_699,20,Female,ai fundamentals,2023-02-18,92,
S0700,Student_700,24,Female,cloud computing,2023-12-17,70,
S0701,Student_701,23,Female,cloud computing,2023-06-08,66,
S0702,Student_702,23,Male,data engineering,2023-08-06,71,
S0703,Student_703,31,Female,ai fundamentals,2023-05-21,52,
S0704,Student_704,27,Male,data science,2023-01-05,70,
S0705,Student_705,22,Female,ai fundamentals,2023-08-29,95,
S0706,Student_706,40,Female,ai fundamentals,2023-07-24,74,
S0707,Student_707,31,Female,ai fundamentals,2023-04-22,93,
S0708,Student_708,39,Female,data engineering,2023-07-22,70,
S0709,Student_709,35,Female,data engineering,2023-09-10,95,
S0710,Student_710,21,Male,data engineering,2023-07-01,65,
S0711,Student_711,31,Male,data engineering,2023-08-27,83,
S0712,Student_712,37,Male,data engineering,2023-05-19,74,
S0713,Student_713,44,Female,data science,2023-09-01,74,
S0714,Student_714,26,Male,ai fundamentals,2023-02-13,90,
S0715,Student_715,43,Female,ai fundamentals,2023-09-20,77,
S0716,Student_716,39,Male,data science,2023-07-19,53,
S0717,Student_717,31,Male,data science,2023-01-01,69,
S0718,Student_718,23,Male,data science,2023-02-21,62,
S0719,Student_719,40,Female,data science,2023-06-12,100,
S0720,Student_720,34,Male,data engineering,2023-12-19,94,
S0721,Student_721,43,Female,ai fundamentals,2023-01-24,60,
S0722,Student_722,32,Male,data science,2023-07-19,59,
S0723,Student_723,41,Female,cloud computing,2023-10-02,78,
S0724,Student_724,23,Female,data science,2023-10-16,96,
S0725,Student_725,19,Female,ai fundamentals,2023-01-03,81,
S0726,Student_726,23,Female,cloud computing,2023-06-16,73,
S0727,Student_727,24,Female,data science,2023-09-26,63,
S0728,Student_728,30,Female,data engineering,2023-03-06,55,
S0729,Student_729,44,Female,data engineering,2023-09-10,95,
S0730,Student_730,28,Female,cloud computing,2023-03-14,90,
S0731,Student_731,40,Female,data engineering,2023-09-17,57,
S0732,Student_732,32,Female,cloud computing,2023-05-12,91,
S0733,Student_733,26,Male,data science,2023-08-19,96,
S0734,Student_734,25,Female,ai fundamentals,2023-05-15,66,
S0735,Student_735,31,Male,cloud computing,2023-11-11,100,
S0736,Student_736,23,Male,data science,2023-01-03,89,
S0737,Student_737,33,Female,cloud computing,2023-06-25,85,
S0738,Student_738,28,Male,ai fundamentals,2023-06-30,92,
S0739,Student_739,21,Female,data engineering,2023-02-28,78,
S0740,Student_740,28,Female,data engineering,2023-04-21,67,
S0741,Student_741,36,Male,cloud computing,2023-03-24,87,
S0742,Student_742,43,Female,ai fundamentals,2023-09-12,51,
S0743,Student_743,43,Male,data science,2023-03-22,67,
S0744,Student_744,21,Male,data science,2023-11-10,80,
S0745,Student_745,32,Male,data science,2023-06-21,84,
S0746,Student_746,36,Male,cloud computing,2023-10-17,53,
S0747,Student_747,23,Female,data engineering,2023-03-11,83,
S0748,Student_748,44,Female,cloud computing,2023-08-10,93,
S0749,Student_749,22,Female,cloud computing,2023-03-21,75,
S0750,Student_750,35,Male,cloud computing,2023-03-31,51,
S0751,Student_751,23,Female,data science,2023-10-08,84,
S0752,Student_752,42,Male,ai fundamentals,2023-12-23,99,
S0753,Student_753,21,Male,cloud computing,2023-07-08,89,
S0754,Student_754,23,Male,data science,2023-11-17,90,
S0755,Student_755,26,Male,cloud computing,2023-03-19,68,
S0756,Student_756,22,Male,cloud computing,2023-01-13,91,
S0757,Student_757,44,Male,data science,2023-07-18,71,
S0758,Student_758,35,Female,ai fundamentals,2023-04-24,97,
S0759,Student_759,41,Female,ai fundamentals,2023-02-19,78,
S0760,Student_760,42,Female,data engineering,2023-05-12,51,
S0761,Student_761,19,Male,cloud computing,2023-04-26,91,
S0762,Student_762,36,Male,data engineering,2023-06-27,88,
S0763,Student_763,19,Female,data science,2023-08-16,62,
S0764,Student_764,32,Female,cloud computing,2023-03-17,65,
S0765,Student_765,35,Female,data science,2023-01-18,78,
S0766,Student_766,25,Male,data engineering,2023-03-10,75,
S0767,Student_767,39,Female,data science,2023-10-31,100,
S0768,Student_768,29,Female,data science,2023-11-27,72,
S0769,Student_769,32,Male,ai fundamentals,2023-04-27,77,
S0770,Student_770,34,Male,cloud computing,2023-09-03,63,
S0771,Student_771,38,Female,cloud computing,2023-12-25,83,
S0772,Student_772,19,Female,cloud computing,2023-02-06,64,
S0773,Student_773,35,Male,data science,2023-10-09,58,
S0774,Student_774,30,Male,ai fundamentals,2023-02-05,54,
S0775,Student_775,40,Male,data engineering,2023-11-17,96,
S0776,Student_776,32,Male,cloud computing,2023-01-09,71,
S0777,Student_777,40,Female,data science,2023-09-20,95,
S0778,Student_778,18,Female,ai fundamentals,2023-04-12,78,
S0779,Student_779,20,Female,ai fundamentals,2023-03-24,72,
S0780,Student_780,37,Female,cloud computing,2023-01-18,64,
S0781,Student_781,41,Female,ai fundamentals,2023-09-17,50,
S0782,Student_782,43,Male,ai fundamentals,2023-05-07,100,
S0783,Student_783,32,Male,data science,2023-09-22,87,
S0784,Student_784,36,Female,data engineering,2023-02-17,100,
S0785,Student_785,29,Male,ai fundamentals,2023-02-13,59,
S0786,Student_786,38,Female,data engineering,2023-07-09,83,
S0787,Student_787,27,Female,ai fundamentals,2023-09-17,90,
S0788,Student_788,32,Female,ai fundamentals,2023-10-28,90,
S0789,Student_789,18,Female,ai fundamentals,2023-03-17,57,
S0790,Student_790,30,Male,cloud computing,2023-11-02,76,
S0791,Student_791,40,Female,cloud computing,2023-02-20,79,
S0792,Student_792,27,Female,cloud computing,2023-05-19,100,
S0793,Student_793,36,Female,data engineering,2023-06-21,67,
S0794,Student_794,22,Male,data engineering,2023-07-27,60,
S0795,Student_795,25,Female,cloud computing,2023-04-13,93,
S0796,Student_796,21,Male,data engineering,2023-03-04,83,
S0797,Student_797,34,Male,data science,2023-12-05,51,
S0798,Student_798,30,Female,data engineering,2023-09-11,88,
S0799,Student_799,23,Male,data science,2023-11-15,69,
S0800,Student_800,38,Male,cloud computing,2023-12-08,79,
S0801,Student_801,31,Female,data science,2023-08-14,56,
S0802,Student_802,34,Female,cloud computing,2023-03-31,55,
S0803,Student_803,31,Male,cloud computing,2023-01-02,54,
S0804,Student_804,36,Female,cloud computing,2023-05-19,52,
S0805,Student_805,37,Male,data engineering,2023-05-01,90,
S0806,Student_806,35,Female,ai fundamentals,2023-01-14,90,
S0807,Student_807,25,Female,ai fundamentals,2023-06-29,66,
S0808,Student_808,44,Female,data science,2023-11-19,57,
S0809,Student_809,35,Male,ai fundamentals,2023-07-30,90,
S0810,Student_810,32,Male,cloud computing,2023-08-01,74,
S0811,Student_811,21,Male,ai fundamentals,2023-05-16,73,
S0812,Student_812,28,Female,data science,2023-10-24,72,
S0813,Student_813,38,Male,cloud computing,2023-11-09,91,
S0814,Student_814,28,Female,data engineering,2023-12-08,56,
S0815,Student_815,19,Female,cloud computing,2023-02-07,64,
S0816,Student_816,41,Male,cloud computing,2023-07-31,89,
S0817,Student_817,38,Female,data science,2023-07-03,74,
S0818,Student_818,34,Male,data engineering,2023-01-01,81,
S0819,Student_819,28,Female,cloud computing,2023-08-02,70,
S0820,Student_820,36,Male,data engineering,2023-08-28,68,
S0821,Student_821,44,Female,cloud computing,2023-06-15,85,
S0822,Student_822,41,Female,cloud computing,2023-06-24,82,
S0823,Student_823,38,Male,data science,2023-08-21,70,
S0824,Student_824,34,Male,cloud computing,2023-12-15,74,
S0825,Student_825,20,Female,cloud computing,2023-03-05,82,
S0826,Student_826,24,Male,cloud computing,2023-02-27,77,
S0827,Student_827,27,Female,ai fundamentals,2023-04-11,94,
S0828,Student_828,20,Female,data engineering,2023-02-09,86,
S0829,Student_829,38,Female,data science,2023-07-13,68,
S0830,Student_830,30,Female,data science,2023-07-09,72,
S0831,Student_831,27,Female,data science,2023-07-17,84,
S0832,Student_832,43,Male,cloud computing,2023-12-14,81,
S0833,Student_833,39,Male,data engineering,2023-12-18,100,
S0834,Student_834,22,Male,ai fundamentals,2023-03-15,68,
S0835,Student_835,44,Female,ai fundamentals,2023-07-01,64,
S0836,Student_836,22,Male,data science,2023-01-08,57,
S0837,Student_837,27,Male,data engineering,2023-12-22,61,
S0838,Student_838,28,Male,ai fundamentals,2023-07-17,60,
S0839,Student_839,30,Female,data science,2023-06-19,88,
S0840,Student_840,26,Male,ai fundamentals,2023-10-12,91,
S0841,Student_841,19,Male,ai fundamentals,2023-09-04,72,
S0842,Student_842,23,Male,data engineering,2023-12-08,50,
S0843,Student_843,25,Female,data science,2023-09-25,84,
S0844,Student_844,18,Male,ai fundamentals,2023-01-04,67,
S0845,Student_845,44,Female,cloud computing,2023-10-02,92,
S0846,Student_846,19,Female,cloud computing,2023-02-16,56,
S0847,Student_847,44,Male,ai fundamentals,2023-12-28,53,
S0848,Student_848,21,Female,data engineering,2023-05-26,90,
S0849,Student_849,43,Male,data engineering,2023-04-22,77,
S0850,Student_850,36,Female,ai fundamentals,2023-06-05,62,
S0851,Student_851,42,Male,data engineering,2023-02-24,89,
S0852,Student_852,36,Male,data engineering,2023-04-22,71,
S0853,Student_853,38,Female,cloud computing,2023-07-21,75,
S0854,Student_854,26,Male,data science,2023-07-19,50,
S0855,Student_855,36,Female,data science,2023-03-13,93,
S0856,Student_856,43,Male,ai fundamentals,2023-12-24,84,
S0857,Student_857,42,Female,ai fundamentals,2023-04-21,51,
S0858,Student_858,25,Female,ai fundamentals,2023-06-24,98,
S0859,Student_859,28,Female,cloud computing,2023-06-12,93,
S0860,Student_860,42,Female,cloud computing,2023-06-11,87,
S0861,Student_861,36,Female,data engineering,2023-03-16,96,
S0862,Student_862,21,Male,cloud computing,2023-11-22,93,
S0863,Student_863,30,Male,data science,2023-10-30,75,
S0864,Student_864,37,Female,cloud computing,2023-07-31,73,
S0865,Student_865,31,Male,ai fundamentals,2023-08-12,92,
S0866,Student_866,40,Male,data science,2023-06-25,54,
S0867,Student_867,18,Female,data engineering,2023-04-15,57,
S0868,Student_868,28,Female,data science,2023-07-11,79,
S0869,Student_869,21,Female,cloud computing,2023-04-30,51,
S0870,Student_870,24,Female,cloud computing,2023-10-29,73,
S0871,Student_871,21,Male,data engineering,2023-07-03,73,
S0872,Student_872,43,Male,ai fundamentals,2023-04-21,74,
S0873,Student_873,24,Female,data engineering,2023-11-17,75,
S0874,Student_874,37,Male,data engineering,2023-12-24,55,
S0875,Student_875,20,Male,data engineering,2023-05-31,72,
S0876,Student_876,36,Female,data engineering,2023-01-06,99,
S0877,Student_877,36,Male,cloud computing,2023-02-05,66,
S0878,Student_878,24,Male,ai fundamentals,2023-10-19,81,
S0879,Student_879,38,Female,data science,2023-05-05,98,
S0880,Student_880,29,Male,ai fundamentals,2023-04-15,50,
S0881,Student_881,40,Male,ai fundamentals,2023-07-15,100,
S0882,Student_882,18,Male,data engineering,2023-06-06,53,
S0883,Student_883,22,Female,ai fundamentals,2023-04-02,83,
S0884,Student_884,31,Female,data engineering,2023-09-09,81,
S0885,Student_885,27,Male,data science,2023-05-18,56,
S0886,Student_886,20,Female,data engineering,2023-10-27,50,
S0887,Student_887,19,Male,data science,2023-05-12,58,
S0888,Student_888,30,Female,ai fundamentals,2023-04-18,74,
S0889,Student_889,33,Male,data engineering,2023-04-17,56,
S0890,Student_890,40,Female,cloud computing,2023-08-23,61,
S0891,Student_891,19,Male,data science,2023-05-13,54,
S0892,Student_892,41,Male,ai fundamentals,2023-06-07,87,
S0893,Student_893,30,Female,data science,2023-11-13,57,
S0894,Student_894,23,Male,data engineering,2023-01-03,75,
S0895,Student_895,24,Male,cloud computing,2023-03-11,92,
S0896,Student_896,19,Female,data science,2023-02-17,55,
S0897,Student_897,28,Female,data science,2023-07-24,87,
S0898,Student_898,24,Male,data science,2023-05-26,54,
S0899,Student_899,24,Male,ai fundamentals,2023-03-21,92,
S0900,Student_900,24,Male,cloud computing,2023-07-04,62,
S0901,Student_901,24,Female,cloud computing,2023-02-11,66,
S0902,Student_902,29,Female,cloud computing,2023-08-02,55,
S0903,Student_903,36,Male,data science,2023-04-15,63,
S0904,Student_904,39,Male,data science,2023-01-04,61,
S0905,Student_905,36,Male,data science,2023-07-08,72,
S0906,Student_906,36,Male,data science,2023-10-30,92,
S0907,Student_907,37,Female,data engineering,2023-06-09,89,
S0908,Student_908,20,Male,data engineering,2023-11-04,50,
S0909,Student_909,30,Male,ai fundamentals,2023-04-08,74,
S0910,Student_910,27,Female,data science,2023-06-25,98,
S0911,Student_911,37,Female,ai fundamentals,2023-09-25,77,
S0912,Student_912,26,Female,cloud computing,2023-12-26,80,
S0913,Student_913,23,Female,data science,2023-11-15,74,
S0914,Student_914,38,Male,data engineering,2023-05-17,78,
S0915,Student_915,39,Male,data science,2023-07-10,74,
S0916,Student_916,29,Female,cloud computing,2023-05-12,80,
S0917,Student_917,19,Female,ai fundamentals,2023-04-18,96,
S0918,Student_918,29,Male,data science,2023-11-07,82,
S0919,Student_919,33,Male,data engineering,2023-08-20,96,
S0920,Student_920,30,Male,cloud computing,2023-06-19,85,
S0921,Student_921,33,Female,cloud computing,2023-11-07,72,
S0922,Student_922,30,Female,ai fundamentals,2023-10-09,97,
S0923,Student_923,39,Female,data science,2023-03-13,58,
S0924,Student_924,42,Male,data engineering,2023-08-21,53,
S0925,Student_925,36,Male,data science,2023-12-16,86,
S0926,Student_926,43,Male,data engineering,2023-09-12,64,
S0927,Student_927,31,Female,ai fundamentals,2023-02-08,86,
S0928,Student_928,30,Female,cloud computing,2023-09-21,67,
S0929,Student_929,27,Male,ai fundamentals,2023-08-05,69,
S0930,Student_930,39,Male,cloud computing,2023-10-13,74,
S0931,Student_931,24,Female,data science,2023-11-04,74,
S0932,Student_932,22,Female,cloud computing,2023-07-04,85,
S0933,Student_933,34,Female,data engineering,2023-10-27,100,
S0934,Student_934,26,Male,ai fundamentals,2023-11-01,51,
S0935,Student_935,44,Male,cloud computing,2023-07-26,62,
S0936,Student_936,23,Female,cloud computing,2023-12-29,70,
S0937,Student_937,33,Male,data science,2023-07-28,57,
S0938,Student_938,23,Female,data science,2023-08-28,72,
S0939,Student_939,23,Male,data science,2023-05-10,94,
S0940,Student_940,35,Male,data engineering,2023-12-29,65,
S0941,Student_941,18,Male,data science,2023-02-23,82,
S0942,Student_942,34,Female,cloud computing,2023-09-01,83,
S0943,Student_943,34,Male,data engineering,2023-02-26,63,
S0944,Student_944,18,Female,data science,2023-05-24,51,
S0945,Student_945,28,Male,cloud computing,2023-12-03,53,
S0946,Student_946,30,Female,data engineering,2023-07-20,89,
S0947,Student_947,18,Female,cloud computing,2023-12-28,86,
S0948,Student_948,44,Female,data science,2023-05-29,88,
S0949,Student_949,25,Female,data science,2023-07-09,77,
S0950,Student_950,40,Female,data engineering,2023-07-11,84,
S0951,Student_951,37,Male,ai fundamentals,2023-11-07,95,
S0952,Student_952,23,Male,cloud computing,2023-05-09,88,
S0953,Student_953,22,Female,cloud computing,2023-05-04,97,
S0954,Student_954,37,Female,ai fundamentals,2023-11-02,75,
S0955,Student_955,22,Female,ai fundamentals,2023-07-18,66,
S0956,Student_956,23,Male,cloud computing,2023-10-14,98,
S0957,Student_957,30,Female,data engineering,2023-09-27,100,
S0958,Student_958,44,Male,ai fundamentals,2023-10-04,59,
S0959,Student_959,35,Female,data science,2023-11-28,75,
S0960,Student_960,37,Male,data engineering,2023-09-25,50,
S0961,Student_961,30,Female,ai fundamentals,2023-05-14,65,
S0962,Student_962,24,Male,data science,2023-05-25,66,
S0963,Student_963,25,Male,data science,2023-07-10,92,
S0964,Student_964,38,Female,cloud computing,2023-01-28,86,
S0965,Student_965,34,Female,data engineering,2023-12-31,57,
S0966,Student_966,18,Female,ai fundamentals,2023-09-04,73,
S0967,Student_967,41,Female,data science,2023-02-12,99,
S0968,Student_968,33,Male,cloud computing,2023-05-13,90,
S0969,Student_969,28,Male,ai fundamentals,2023-08-22,88,
S0970,Student_970,21,Male,data science,2023-06-17,95,
S0971,Student_971,21,Male,cloud computing,2023-02-07,87,
S0972,Student_972,34,Male,data science,2023-01-07,99,
S0973,Student_973,34,Male,cloud computing,2023-09-01,87,
S0974,Student_974,27,Female,cloud computing,2023-04-04,54,
S0975,Student_975,38,Male,data engineering,2023-11-11,84,
S0976,Student_976,38,Male,ai fundamentals,2023-03-18,72,
S0977,Student_977,23,Male,cloud computing,2023-03-06,99,
S0978,Student_978,42,Female,data science,2023-02-20,80,
S0979,Student_979,42,Male,ai fundamentals,2023-06-27,83,
S0980,Student_980,34,Female,ai fundamentals,2023-04-19,77,
S0981,Student_981,35,Male,ai fundamentals,2023-08-29,57,
S0982,Student_982,39,Male,data engineering,2023-02-20,63,
S0983,Student_983,43,Female,cloud computing,2023-10-10,75,
S0984,Student_984,27,Male,cloud computing,2023-06-18,87,
S0985,Student_985,30,Male,cloud computing,2023-11-14,81,
S0986,Student_986,33,Female,cloud computing,2023-06-26,86,
S0987,Student_987,24,Female,data science,2023-05-31,99,
S0988,Student_988,32,Male,cloud computing,2023-09-28,97,
S0989,Student_989,19,Male,ai fundamentals,2023-11-16,89,
S0990,Student_990,22,Female,cloud computing,2023-12-08,58,
S0991,Student_991,34,Female,cloud computing,2023-02-22,68,
S0992,Student_992,22,Female,cloud computing,2023-02-06,70,
S0993,Student_993,25,Female,cloud computing,2023-07-18,75,
S0994,Student_994,41,Male,data engineering,2023-08-23,89,
S0995,Student_995,32,Male,ai fundamentals,2023-02-08,79,
S0996,Student_996,25,Female,data engineering,2023-05-25,52,
S0997,Student_997,40,Male,ai fundamentals,2023-08-15,90,
S0998,Student_998,20,Female,cloud computing,2023-04-22,100,
S0999,Student_999,40,Female,cloud computing,2023-07-04,67,
S1000,Student_1000,34,Male,ai fundamentals,2023-09-09,90,
